",model,name,name_out,loaded,balanced,feasible,solved,min_pressure,location"
" ,643006 Galashiels LP,\\vpoct502\Syn471\Scotland Networks_471\East_471-v2\643006 Galashiels LP\FY-1\643006_GALASHIELS_FY1.MDB,S:\TEST AREA\ac00418\ASP_models_out\643006 Galashiels LP_LRMM1415.MDB,TRUE,TRUE,TRUE,TRUE,22.0822,64300600000908"
" ,643007 Hawick LP,\\vpoct502\Syn471\Scotland Networks_471\East_471-v2\643007 Hawick LP\FY1\643007-HAWICK-FY1.MDB,S:\TEST AREA\ac00418\ASP_models_out\643007 Hawick LP_LRMM1415.MDB,TRUE,TRUE,TRUE,TRUE,23.3852,64300700000909"
" ,643008 Musselburgh LP,\\vpoct502\Syn471\Scotland Networks_471\East_471-v2\643008 Musselburgh LP\FY-1\643008 - Musselburgh FY1.MDB,S:\TEST AREA\ac00418\ASP_models_out\643008 Musselburgh LP_LRMM1415.MDB,TRUE,TRUE,TRUE,TRUE,21.3962,64300800000807"
" ,643009 Bathgate LP,\\vpoct502\Syn471\Scotland Networks_471\East_471-v2\643009 Bathgate LP\FY1\643009_BATHGATE_FY1.MDB,S:\TEST AREA\ac00418\ASP_models_out\643009 Bathgate LP_LRMM1415.MDB,TRUE,TRUE,TRUE,TRUE,22.2973,64300900000537"
" ,643010 Penicuik LP,\\vpoct502\Syn471\Scotland Networks_471\East_471-v2\643010 Penicuik LP\FY1\643010 Penicuik - FY1.MDB,S:\TEST AREA\ac00418\ASP_models_out\643010 Penicuik LP_LRMM1415.MDB,TRUE,TRUE,TRUE,TRUE,21.1059,64301000002788"
" ,643011 Dalkeith_Eskbank LP,\\vpoct502\Syn471\Scotland Networks_471\East_471-v2\643011 Dalkeith_Eskbank LP\FY1\643011-DALKEITH_ESKBANK-FY1.MDB,S:\TEST AREA\ac00418\ASP_models_out\643011 Dalkeith_Eskbank LP_LRMM1415.MDB,TRUE,TRUE,TRUE,TRUE,21.7791,64301100000412"
" ,643012 Broxburn_Uphall_Dechmont LP,\\vpoct502\Syn471\Scotland Networks_471\East_471-v2\643012 Broxburn_Uphall_Dechmont LP\FY-1\643012 - Broxburn - FY1.MDB,S:\TEST AREA\ac00418\ASP_models_out\643012 Broxburn_Uphall_Dechmont LP_LRMM1415.MDB,TRUE,TRUE,TRUE,TRUE,21.7451,64301200000777"
" ,643013 Haddington LP,\\vpoct502\Syn471\Scotland Networks_471\East_471-v2\643013 Haddington LP\FY1\643013 - Haddington - FY1.MDB,S:\TEST AREA\ac00418\ASP_models_out\643013 Haddington LP_LRMM1415.MDB,TRUE,TRUE,TRUE,TRUE,21.6227,64301300000510"
" ,643014 Linlithgow LP,\\vpoct502\Syn471\Scotland Networks_471\East_471-v2\643014 Linlithgow LP\FY1\643014 - Linlithgow - FY1.MDB,S:\TEST AREA\ac00418\ASP_models_out\643014 Linlithgow LP_LRMM1415.MDB,TRUE,TRUE,TRUE,TRUE,21.4651,64301400001349"
" ,643015 Dumfries LP,\\vpoct502\Syn471\Scotland Networks_471\East_471-v2\643015 Dumfries LP\FY1\643015 - Dumfries- FY1.MDB,S:\TEST AREA\ac00418\ASP_models_out\643015 Dumfries LP_LRMM1415.MDB,TRUE,TRUE,TRUE,TRUE,22.8339,64301500000628"
" ,643016 Dunbar LP,\\vpoct502\Syn471\Scotland Networks_471\East_471-v2\643016 Dunbar LP\FY1\643016_DUNBAR_FY1.MDB,S:\TEST AREA\ac00418\ASP_models_out\643016 Dunbar LP_LRMM1415.MDB,TRUE,TRUE,TRUE,TRUE,21.6702,64301600001307"
" ,643018 Blackburn LP,\\vpoct502\Syn471\Scotland Networks_471\East_471-v2\643018 Blackburn LP\FY-1\643018 - Blackburn - FY1.MDB,S:\TEST AREA\ac00418\ASP_models_out\643018 Blackburn LP_LRMM1415.MDB,TRUE,TRUE,TRUE,TRUE,21.6003,64301800000206"
" ,643019 Bonnyrigg_Lasswade,\\vpoct502\Syn471\Scotland Networks_471\East_471-v2\643019 Bonnyrigg_Lasswade\FY1\643019_Bonnyrigg&Lasswade_FY1.MDB,S:\TEST AREA\ac00418\ASP_models_out\643019 Bonnyrigg_Lasswade_LRMM1415.MDB,TRUE,TRUE,TRUE,TRUE,20.9839,64301900000744"
" ,643020 Jedburgh LP,\\vpoct502\Syn471\Scotland Networks_471\East_471-v2\643020 Jedburgh LP\FY-1\643020 - Jedburgh - FY1.MDB,S:\TEST AREA\ac00418\ASP_models_out\643020 Jedburgh LP_LRMM1415.MDB,TRUE,TRUE,TRUE,TRUE,25.9021,64302000000285"
" ,643022 Fauldhouse LP,\\vpoct502\Syn471\Scotland Networks_471\East_471-v2\643022 Fauldhouse LP\FY1\643022_Fauldhouse_FY1.MDB,S:\TEST AREA\ac00418\ASP_models_out\643022 Fauldhouse LP_LRMM1415.MDB,TRUE,TRUE,TRUE,TRUE,21.3146,64302200001599"
" ,643023 Tranent LP,\\vpoct502\Syn471\Scotland Networks_471\East_471-v2\643023 Tranent LP\FY1\643023 - Tranent - FY1.MDB,S:\TEST AREA\ac00418\ASP_models_out\643023 Tranent LP_LRMM1415.MDB,TRUE,TRUE,TRUE,TRUE,22.8942,64302300001601"
" ,643024 South Queensferry LP,\\vpoct502\Syn471\Scotland Networks_471\East_471-v2\643024 South Queensferry LP\FY1\643024_South Queensferry_FY1.MDB,S:\TEST AREA\ac00418\ASP_models_out\643024 South Queensferry LP_LRMM1415.MDB,TRUE,TRUE,TRUE,TRUE,21.0393,64302400012671"
" ,643025 Whitburn LP,\\vpoct502\Syn471\Scotland Networks_471\East_471-v2\643025 Whitburn LP\FY-1\643025 - Whitburn - FY1.MDB,S:\TEST AREA\ac00418\ASP_models_out\643025 Whitburn LP_LRMM1415.MDB,TRUE,TRUE,TRUE,TRUE,21.1639,64302500000414"
" ,643026 West Calder LP,\\vpoct502\Syn471\Scotland Networks_471\East_471-v2\643026 West Calder LP\FY1\643026 - West Calder - FY1.MDB,S:\TEST AREA\ac00418\ASP_models_out\643026 West Calder LP_LRMM1415.MDB,TRUE,TRUE,TRUE,TRUE,20.9904,64302600000188"
" ,643027 Armadale LP,\\vpoct502\Syn471\Scotland Networks_471\East_471-v2\643027 Armadale LP\FY-1\643027_ARMADALE_FY1.MDB,S:\TEST AREA\ac00418\ASP_models_out\643027 Armadale LP_LRMM1415.MDB,TRUE,TRUE,TRUE,TRUE,21.0396,64302700000666"
" ,643028 Kelso LP,\\vpoct502\Syn471\Scotland Networks_471\East_471-v2\643028 Kelso LP\FY-1\643028_KELSO-FY1.MDB,S:\TEST AREA\ac00418\ASP_models_out\643028 Kelso LP_LRMM1415.MDB,TRUE,TRUE,TRUE,TRUE,22.7504,64302800000281"
" ,643029 Annan LP,\\vpoct502\Syn471\Scotland Networks_471\East_471-v2\643029 Annan LP\FY-1\643029 - Annan - FY1.MDB,S:\TEST AREA\ac00418\ASP_models_out\643029 Annan LP_LRMM1415.MDB,TRUE,TRUE,TRUE,TRUE,21.3831,64302900001017"
" ,643030 Moffat LP,\\vpoct502\Syn471\Scotland Networks_471\East_471-v2\643030 Moffat LP\FY-1\643030 - Moffat - FY1.MDB,S:\TEST AREA\ac00418\ASP_models_out\643030 Moffat LP_LRMM1415.MDB,TRUE,TRUE,TRUE,TRUE,27.4122,64303000001005"
" ,643031 LANGHOLM,\\vpoct502\Syn471\Scotland Networks_471\East_471-v2\643031 LANGHOLM\FY-1\643031 - Langholm - FY1.MDB,S:\TEST AREA\ac00418\ASP_models_out\643031 LANGHOLM_LRMM1415.MDB,TRUE,TRUE,TRUE,TRUE,21.3039,64303100000055"
" ,643032 Peebles LP,\\vpoct502\Syn471\Scotland Networks_471\East_471-v2\643032 Peebles LP\FY-1\643032PEEBLES-FY1.MDB,S:\TEST AREA\ac00418\ASP_models_out\643032 Peebles LP_LRMM1415.MDB,TRUE,TRUE,TRUE,TRUE,21.0423,64303200021078"
" ,643033 Selkirk LP,\\vpoct502\Syn471\Scotland Networks_471\East_471-v2\643033 Selkirk LP\FY-1\643033 Selkirk FY1.MDB,S:\TEST AREA\ac00418\ASP_models_out\643033 Selkirk LP_LRMM1415.MDB,TRUE,TRUE,TRUE,TRUE,20.3547,64303300000414"
" ,643034 Melrose LP,\\vpoct502\Syn471\Scotland Networks_471\East_471-v2\643034 Melrose LP\FY1\643034_MELROSE_FY1.MDB,S:\TEST AREA\ac00418\ASP_models_out\643034 Melrose LP_LRMM1415.MDB,TRUE,TRUE,TRUE,TRUE,24.3203,64303400002240"
" ,643036 Gullane LP,\\vpoct502\Syn471\Scotland Networks_471\East_471-v2\643036 Gullane LP\FY-1\643036-Gullane-FY1.MDB,S:\TEST AREA\ac00418\ASP_models_out\643036 Gullane LP_LRMM1415.MDB,TRUE,TRUE,TRUE,TRUE,22.3837,64303600000226"
" ,643037 Arniston-Gorebridge LP,\\vpoct502\Syn471\Scotland Networks_471\East_471-v2\643037 Arniston-Gorebridge LP\FY1\643037 - Arniston Gorebridge - FY1.MDB,S:\TEST AREA\ac00418\ASP_models_out\643037 Arniston-Gorebridge LP_LRMM1415.MDB,TRUE,TRUE,TRUE,TRUE,23.9254,64303700000408"
" ,643038 Blackridge LP,\\vpoct502\Syn471\Scotland Networks_471\East_471-v2\643038 Blackridge LP\FY-1\643038_BLACKRIDGE_FY1.MDB,S:\TEST AREA\ac00418\ASP_models_out\643038 Blackridge LP_LRMM1415.MDB,TRUE,TRUE,TRUE,TRUE,22.5955,64303800000058"
" ,643039 Castle Douglas LP,\\vpoct502\Syn471\Scotland Networks_471\East_471-v2\643039 Castle Douglas LP\FY1\643039_CASTLE_DOUGLAS_FY1.MDB,S:\TEST AREA\ac00418\ASP_models_out\643039 Castle Douglas LP_LRMM1415.MDB,TRUE,TRUE,TRUE,TRUE,21.3948,64303900000815"
" ,643040 Dalbeattie LP,\\vpoct502\Syn471\Scotland Networks_471\East_471-v2\643040 Dalbeattie LP\FY-1\643040-DALBEATTIE-FY1.MDB,S:\TEST AREA\ac00418\ASP_models_out\643040 Dalbeattie LP_LRMM1415.MDB,TRUE,TRUE,TRUE,TRUE,21.3553,64304000000286"
" ,643041 Earlston LP,\\vpoct502\Syn471\Scotland Networks_471\East_471-v2\643041 Earlston LP\FY-1\643041_EARLSTON_FY1.MDB,S:\TEST AREA\ac00418\ASP_models_out\643041 Earlston LP_LRMM1415.MDB,TRUE,TRUE,TRUE,TRUE,23.1532,64304100000184"
" ,643042 Newtongrange LP,\\vpoct502\Syn471\Scotland Networks_471\East_471-v2\643042 Newtongrange LP\FY1\643042_Newtongrange_FY1.MDB,S:\TEST AREA\ac00418\ASP_models_out\643042 Newtongrange LP_LRMM1415.MDB,TRUE,TRUE,TRUE,TRUE,22.6074,64304200000676"
" ,643044 Kirkcudbright LP,\\vpoct502\Syn471\Scotland Networks_471\East_471-v2\643044 Kirkcudbright LP\FY-1\643044 - Kirkcudbright - FY1.MDB,S:\TEST AREA\ac00418\ASP_models_out\643044 Kirkcudbright LP_LRMM1415.MDB,TRUE,TRUE,TRUE,TRUE,22.6406,64304400000284"
" ,643045 Livingston LP,\\vpoct502\Syn471\Scotland Networks_471\East_471-v2\643045 Livingston LP\FY-1\643045-Livingston-FY1.MDB,S:\TEST AREA\ac00418\ASP_models_out\643045 Livingston LP_LRMM1415.MDB,TRUE,TRUE,TRUE,TRUE,21.0128,64304500000823"
" ,643046 Loanhead LP,\\vpoct502\Syn471\Scotland Networks_471\East_471-v2\643046 Loanhead LP\FY1\643046 Loanhead - FY1.MDB,S:\TEST AREA\ac00418\ASP_models_out\643046 Loanhead LP_LRMM1415.MDB,TRUE,TRUE,TRUE,TRUE,21.878,64304600000085"
" ,643047 Lockerbie LP,\\vpoct502\Syn471\Scotland Networks_471\East_471-v2\643047 Lockerbie LP\FY1\643047 - Lockerbie - FY1.MDB,S:\TEST AREA\ac00418\ASP_models_out\643047 Lockerbie LP_LRMM1415.MDB,TRUE,TRUE,TRUE,TRUE,22.6678,64304700011059"
" ,643048 Innerleithen-Walkerburn LP,\\vpoct502\Syn471\Scotland Networks_471\East_471-v2\643048 Innerleithen-Walkerburn LP\FY1\643048 Innerleithen_Walkerburn_FY1.MDB,S:\TEST AREA\ac00418\ASP_models_out\643048 Innerleithen-Walkerburn LP_LRMM1415.MDB,TRUE,TRUE,TRUE,TRUE,21.098,64304800000386"
" ,643049 Prestonpans-Cockenzie LP,\\vpoct502\Syn471\Scotland Networks_471\East_471-v2\643049 Prestonpans-Cockenzie LP\FY1\643049_Prestonpans-Cockenzie_FY1.MDB,S:\TEST AREA\ac00418\ASP_models_out\643049 Prestonpans-Cockenzie LP_LRMM1415.MDB,TRUE,TRUE,TRUE,TRUE,21.3388,64304900000853"
" ,643050 Ratho LP,\\vpoct502\Syn471\Scotland Networks_471\East_471-v2\643050 Ratho LP\FY-1\643050 - Ratho - FY1.MDB,S:\TEST AREA\ac00418\ASP_models_out\643050 Ratho LP_LRMM1415.MDB,TRUE,TRUE,TRUE,TRUE,24.9487,64305000000021"
" ,643051 Stoneyburn-Addiewell LP,\\vpoct502\Syn471\Scotland Networks_471\East_471-v2\643051 Stoneyburn-Addiewell LP\FY1\643051_ADDIEWELL_FY1.MDB,S:\TEST AREA\ac00418\ASP_models_out\643051 Stoneyburn-Addiewell LP_LRMM1415.MDB,TRUE,TRUE,TRUE,TRUE,20.9938,64305100000151"
" ,643052 Coldstream LP,\\vpoct502\Syn471\Scotland Networks_471\East_471-v2\643052 Coldstream LP\FY-1\643052_Coldstream_FY1.MDB,S:\TEST AREA\ac00418\ASP_models_out\643052 Coldstream LP_LRMM1415.MDB,TRUE,TRUE,TRUE,TRUE,24.6454,64305200000277"
" ,643053 Duns LP,\\vpoct502\Syn471\Scotland Networks_471\East_471-v2\643053 Duns LP\FY-1\643053 Duns - FY1.MDB,S:\TEST AREA\ac00418\ASP_models_out\643053 Duns LP_LRMM1415.MDB,TRUE,TRUE,TRUE,TRUE,21.7779,64305300000088"
" ,643054 Lauder LP,\\vpoct502\Syn471\Scotland Networks_471\East_471-v2\643054 Lauder LP\FY1\643054 Lauder FY1.MDB,S:\TEST AREA\ac00418\ASP_models_out\643054 Lauder LP_LRMM1415.MDB,TRUE,TRUE,TRUE,TRUE,25.4831,64305400000172"
" ,643055 East Linton LP,\\vpoct502\Syn471\Scotland Networks_471\East_471-v2\643055 East Linton LP\FY1\643055_EAST_LINTON_FY1.MDB,S:\TEST AREA\ac00418\ASP_models_out\643055 East Linton LP_LRMM1415.MDB,TRUE,TRUE,TRUE,TRUE,21.7591,64305500001002"
" ,643056 Ayton LP,\\vpoct502\Syn471\Scotland Networks_471\East_471-v2\643056 Ayton LP\FY1\643056 - AYTON - FY1.MDB,S:\TEST AREA\ac00418\ASP_models_out\643056 Ayton LP_LRMM1415.MDB,TRUE,TRUE,TRUE,TRUE,21.0723,64305600000104"
" ,643057 Kirkliston LP,\\vpoct502\Syn471\Scotland Networks_471\East_471-v2\643057 Kirkliston LP\FY1\643057_KIRKLISTON_FY1.MDB,S:\TEST AREA\ac00418\ASP_models_out\643057 Kirkliston LP_LRMM1415.MDB,TRUE,TRUE,TRUE,TRUE,21.6899,64305700000106"
" ,643058 Aberlady LP,\\vpoct502\Syn471\Scotland Networks_471\East_471-v2\643058 Aberlady LP\FY1\643058 - Aberlady - FY1.MDB,S:\TEST AREA\ac00418\ASP_models_out\643058 Aberlady LP_LRMM1415.MDB,TRUE,TRUE,TRUE,TRUE,24.2297,64305800000177"
" ,643059 Newtown - St Boswells LP,\\vpoct502\Syn471\Scotland Networks_471\East_471-v2\643059 Newtown - St Boswells LP\FY1\643059NEWTOWNSTBOSWELL-FY1.MDB,S:\TEST AREA\ac00418\ASP_models_out\643059 Newtown - St Boswells LP_LRMM1415.MDB,TRUE,TRUE,TRUE,TRUE,21.0722,64305900000218"
" ,643060 Newbridge LP,\\vpoct502\Syn471\Scotland Networks_471\East_471-v2\643060 Newbridge LP\FY1\643060 - NEWBRIDGE - FY1.MDB,S:\TEST AREA\ac00418\ASP_models_out\643060 Newbridge LP_LRMM1415.MDB,TRUE,TRUE,TRUE,TRUE,20.9896,64306000000241"
" ,643061 Longniddry LP,\\vpoct502\Syn471\Scotland Networks_471\East_471-v2\643061 Longniddry LP\FY-1\643061 - Longniddry - FY1.MDB,S:\TEST AREA\ac00418\ASP_models_out\643061 Longniddry LP_LRMM1415.MDB,TRUE,TRUE,TRUE,TRUE,21.1563,64306100000006"
" ,643063 Rosewell - Roslin LP,\\vpoct502\Syn471\Scotland Networks_471\East_471-v2\643063 Rosewell - Roslin LP\FY-1\643063 - Rosewell_Roslin - FY1.MDB,S:\TEST AREA\ac00418\ASP_models_out\643063 Rosewell - Roslin LP_LRMM1415.MDB,TRUE,TRUE,TRUE,TRUE,21.6287,64306300000213"
" ,643064 East - Mid Calder,\\vpoct502\Syn471\Scotland Networks_471\East_471-v2\643064 East - Mid Calder\FY-1\643064_Mid East Calder_FY1.MDB,S:\TEST AREA\ac00418\ASP_models_out\643064 East - Mid Calder_LRMM1415.MDB,TRUE,TRUE,TRUE,TRUE,21.5362,64306400000356"
" ,643065 East Craigs LP,\\vpoct502\Syn471\Scotland Networks_471\East_471-v2\643065 East Craigs LP\FY-1\643065EASTCRAIGS-FY1.MDB,S:\TEST AREA\ac00418\ASP_models_out\643065 East Craigs LP_LRMM1415.MDB,TRUE,TRUE,TRUE,TRUE,21.2917,64300588800044"
" ,643066 Longridge LP,\\vpoct502\Syn471\Scotland Networks_471\East_471-v2\643066 Longridge LP\FY-1\643066 - Longridge - FY1.MDB,S:\TEST AREA\ac00418\ASP_models_out\643066 Longridge LP_LRMM1415.MDB,TRUE,TRUE,TRUE,TRUE,21.3027,64306600000078"
" ,643067 Newton Stewart LP,\\vpoct502\Syn471\Scotland Networks_471\East_471-v2\643067 Newton Stewart LP\FY1\643067_NEWTON_STEWART_FY1.MDB,S:\TEST AREA\ac00418\ASP_models_out\643067 Newton Stewart LP_LRMM1415.MDB,TRUE,TRUE,TRUE,TRUE,19.8233,64306700000085"
" ,643070 Direlton LP,\\vpoct502\Syn471\Scotland Networks_471\East_471-v2\643070 Direlton LP\FY-1\643070DIRLETON-FY1.mdb,S:\TEST AREA\ac00418\ASP_models_out\643070 Direlton LP_LRMM1415.MDB,TRUE,TRUE,TRUE,TRUE,21.5457,64307000000031"
" ,643071 Pencaitland LP,\\vpoct502\Syn471\Scotland Networks_471\East_471-v2\643071 Pencaitland LP\FY-1\643071 - Pencaitland - FY1.MDB,S:\TEST AREA\ac00418\ASP_models_out\643071 Pencaitland LP_LRMM1415.MDB,TRUE,TRUE,TRUE,TRUE,38.2433,64307100000067"
" ,643072 Whitecraig LP,\\vpoct502\Syn471\Scotland Networks_471\East_471-v2\643072 Whitecraig LP\FY1\643072 - WHITECRAIG - FY1.MDB,S:\TEST AREA\ac00418\ASP_models_out\643072 Whitecraig LP_LRMM1415.MDB,TRUE,TRUE,TRUE,TRUE,38.0575,64307200000038"
" ,643073 Clovenfords LP,\\vpoct502\Syn471\Scotland Networks_471\East_471-v2\643073 Clovenfords LP\FY-1\643073 - Clovenfords - FY1.MDB,S:\TEST AREA\ac00418\ASP_models_out\643073 Clovenfords LP_LRMM1415.MDB,TRUE,TRUE,TRUE,TRUE,46.1615,64307300000015"
" ,643074 Twynholm LP,\\vpoct502\Syn471\Scotland Networks_471\East_471-v2\643074 Twynholm LP\FY-1\643074 - TWYNHOLM - FY1.MDB,S:\TEST AREA\ac00418\ASP_models_out\643074 Twynholm LP_LRMM1415.MDB,TRUE,TRUE,TRUE,TRUE,61.3561,64307400000016"
" ,643075 Lochfoot LP,\\vpoct502\Syn471\Scotland Networks_471\East_471-v2\643075 Lochfoot LP\FY-1\643075 - Lochfoot - FY1.MDB,S:\TEST AREA\ac00418\ASP_models_out\643075 Lochfoot LP_LRMM1415.MDB,TRUE,TRUE,TRUE,TRUE,28.3186,64307500000011"
" ,643076 Haugh Of Urr LP,\\vpoct502\Syn471\Scotland Networks_471\East_471-v2\643076 Haugh Of Urr LP\FY-1\643076 - Haugh of Urr - FY1.MDB,S:\TEST AREA\ac00418\ASP_models_out\643076 Haugh Of Urr LP_LRMM1415.MDB,TRUE,TRUE,TRUE,TRUE,49.1024,64307600000019"
" ,643077 Creetown LP,\\vpoct502\Syn471\Scotland Networks_471\East_471-v2\643077 Creetown LP\FY1\643077 - CREETOWN - FY1.MDB,S:\TEST AREA\ac00418\ASP_models_out\643077 Creetown LP_LRMM1415.MDB,TRUE,TRUE,TRUE,TRUE,48.8183,64307700000044"
" ,643078 Ringford LP,\\vpoct502\Syn471\Scotland Networks_471\East_471-v2\643078 Ringford LP\FY-1\643078RINGFORD_-FY1.MDB,S:\TEST AREA\ac00418\ASP_models_out\643078 Ringford LP_LRMM1415.MDB,TRUE,TRUE,TRUE,TRUE,37.6482,64307800000013"
" ,643079 Bilston LP,\\vpoct502\Syn471\Scotland Networks_471\East_471-v2\643079 Bilston LP\FY-1\643079 - Bilston - FY1.MDB,S:\TEST AREA\ac00418\ASP_models_out\643079 Bilston LP_LRMM1415.MDB,TRUE,TRUE,TRUE,TRUE,48.8856,64307900000048"
" ,643080 Kirknewton LP,\\vpoct502\Syn471\Scotland Networks_471\East_471-v2\643080 Kirknewton LP\FY-1\643080 - Kirknewton - FY1.MDB,S:\TEST AREA\ac00418\ASP_models_out\643080 Kirknewton LP_LRMM1415.MDB,TRUE,TRUE,TRUE,TRUE,46.3006,64308000000092"
" ,643081 Torphichen LP,\\vpoct502\Syn471\Scotland Networks_471\East_471-v2\643081 Torphichen LP\FY-1\643081_TORPHICHEN_FY1.MDB,S:\TEST AREA\ac00418\ASP_models_out\643081 Torphichen LP_LRMM1415.MDB,TRUE,TRUE,TRUE,TRUE,52.0589,64308110000049"
" ,643082 Gatehouse Of Fleet LP,\\vpoct502\Syn471\Scotland Networks_471\East_471-v2\643082 Gatehouse Of Fleet LP\FY-1\643082 - Gatehouse of Fleet - FY1.MDB,S:\TEST AREA\ac00418\ASP_models_out\643082 Gatehouse Of Fleet LP_LRMM1415.MDB,TRUE,TRUE,TRUE,TRUE,43.0379,64308200000034"
" ,643083 Bridgend LP,\\vpoct502\Syn471\Scotland Networks_471\East_471-v2\643083 Bridgend LP\FY1\643083 - BRIDGEND- FY1.MDB,S:\TEST AREA\ac00418\ASP_models_out\643083 Bridgend LP_LRMM1415.MDB,TRUE,TRUE,TRUE,TRUE,29.4758,64308300000019"
" ,643084 Ecclesmachan LP,\\vpoct502\Syn471\Scotland Networks_471\East_471-v2\643084 Ecclesmachan LP\FY-1\643084 - Ecclesmachan - FY1.MDB,S:\TEST AREA\ac00418\ASP_models_out\643084 Ecclesmachan LP_LRMM1415.MDB,TRUE,TRUE,TRUE,TRUE,20.9988,64308401462468"
" ,643100 Philpstoun LP,\\vpoct502\Syn471\Scotland Networks_471\East_471-v2\643100 Philpstoun LP\FY1\643100 - PHILPSTOUN - FY1.MDB,S:\TEST AREA\ac00418\ASP_models_out\643100 Philpstoun LP_LRMM1415.MDB,TRUE,TRUE,TRUE,TRUE,26.1771,64310000000019"
" ,643101 Gavinton LP,\\vpoct502\Syn471\Scotland Networks_471\East_471-v2\643101 Gavinton LP\FY-1\643101 - Gavinton - FY1.MDB,S:\TEST AREA\ac00418\ASP_models_out\643101 Gavinton LP_LRMM1415.MDB,TRUE,TRUE,TRUE,TRUE,62.4084,64310100000013"
" ,643102 Ancrum LP,\\vpoct502\Syn471\Scotland Networks_471\East_471-v2\643102 Ancrum LP\FY-1\643102 - Ancrum - FY1.MDB,S:\TEST AREA\ac00418\ASP_models_out\643102 Ancrum LP_LRMM1415.MDB,TRUE,TRUE,TRUE,TRUE,58.6468,64310200000022"
" ,643103 Ormiston LP,\\vpoct502\Syn471\Scotland Networks_471\East_471-v2\643103 Ormiston LP\FY-1\643103 - Ormiston - FY1.MDB,S:\TEST AREA\ac00418\ASP_models_out\643103 Ormiston LP_LRMM1415.MDB,TRUE,TRUE,TRUE,TRUE,50.0583,64310300000063"
" ,643104 Rhonehouse - Bridge Of Dee LP,\\vpoct502\Syn471\Scotland Networks_471\East_471-v2\643104 Rhonehouse - Bridge Of Dee LP\FY-1\643104 - Rhonehouse.Bridge of Dee - FY1.MDB,S:\TEST AREA\ac00418\ASP_models_out\643104 Rhonehouse - Bridge Of Dee LP_LRMM1415.MDB,TRUE,TRUE,TRUE,TRUE,52.1578,64310400000007"
" ,644002 Kilsyth LP,\\vpoct502\Syn471\Scotland Networks_471\East_471-v2\644002 Kilsyth LP\FY-1\644002 Kilsyth FY1.MDB,S:\TEST AREA\ac00418\ASP_models_out\644002 Kilsyth LP_LRMM1415.MDB,TRUE,TRUE,TRUE,TRUE,21.1932,64400200000631"
" ,644003 Falkirk LP,\\vpoct502\Syn471\Scotland Networks_471\East_471-v2\644003 Falkirk LP\FY-1\644003FALKIRK-FY1.MDB,S:\TEST AREA\ac00418\ASP_models_out\644003 Falkirk LP_LRMM1415.MDB,TRUE,TRUE,TRUE,TRUE,20.6163,64400300000051"
" ,644004 Grangemouth LP,\\vpoct502\Syn471\Scotland Networks_471\East_471-v2\644004 Grangemouth LP\FY1\644004 - Grangemouth - FY1.MDB,S:\TEST AREA\ac00418\ASP_models_out\644004 Grangemouth LP_LRMM1415.MDB,TRUE,TRUE,TRUE,TRUE,20.4298,64400400001111"
" ,644004 Grangemouth LP,\\vpoct502\Syn471\Scotland Networks_471\East_471-v2\644004 Grangemouth LP\FY1\644004 - Grangemouth - FY1_SCT34971.MDB,S:\TEST AREA\ac00418\ASP_models_out\644004 Grangemouth LP_LRMM1415.MDB,TRUE,TRUE,TRUE,TRUE,20.8834,64400400001699"
" ,644005 Laurieston - Polmont LP,\\vpoct502\Syn471\Scotland Networks_471\East_471-v2\644005 Laurieston - Polmont LP\FY-1\644005LAURIESTON-FY1.MDB,S:\TEST AREA\ac00418\ASP_models_out\644005 Laurieston - Polmont LP_LRMM1415.MDB,TRUE,TRUE,TRUE,TRUE,22.0086,644005-1462729"
" ,644007 Tullibody LP,\\vpoct502\Syn471\Scotland Networks_471\East_471-v2\644007 Tullibody LP\FY-1\644007_TULLIBODY_FY1.MDB,S:\TEST AREA\ac00418\ASP_models_out\644007 Tullibody LP_LRMM1415.MDB,TRUE,TRUE,TRUE,TRUE,21.8493,64400700000390"
" ,644008 East Kilbride LP,\\vpoct502\Syn471\Scotland Networks_471\East_471-v2\644008 East Kilbride LP\FY-1\644008 _East Kilbride_FY1.MDB,S:\TEST AREA\ac00418\ASP_models_out\644008 East Kilbride LP_LRMM1415.MDB,TRUE,TRUE,TRUE,TRUE,19.5384,64400800003559"
" ,644009 Bridge Of Allan - Stirling LP,\\vpoct502\Syn471\Scotland Networks_471\East_471-v2\644009 Bridge Of Allan - Stirling LP\FY1\644009 - Bridge of Allan Stirling - FY1.MDB,S:\TEST AREA\ac00418\ASP_models_out\644009 Bridge Of Allan - Stirling LP_LRMM1415.MDB,TRUE,TRUE,TRUE,TRUE,20.7143,64400900003442"
" ,644010 Alloa LP,\\vpoct502\Syn471\Scotland Networks_471\East_471-v2\644010 Alloa LP\FY1\644010 - Alloa - FY1.MDB,S:\TEST AREA\ac00418\ASP_models_out\644010 Alloa LP_LRMM1415.MDB,TRUE,TRUE,TRUE,TRUE,21.0925,64401000001463"
" ,644011 Kirkintilloch LP,\\vpoct502\Syn471\Scotland Networks_471\East_471-v2\644011 Kirkintilloch LP\FY-1\644011_KIRKINTILLOCH_FY1.MDB,S:\TEST AREA\ac00418\ASP_models_out\644011 Kirkintilloch LP_LRMM1415.MDB,TRUE,TRUE,TRUE,TRUE,21.2513,64401110001949"
" ,644012 Bellshill LP,\\vpoct502\Syn471\Scotland Networks_471\East_471-v2\644012 Bellshill LP\FY-1\644012_Bellshill_FY1.MDB,S:\TEST AREA\ac00418\ASP_models_out\644012 Bellshill LP_LRMM1415.MDB,TRUE,TRUE,TRUE,TRUE,21.1591,64401200000650"
" ,644013 Cumbernauld LP,\\vpoct502\Syn471\Scotland Networks_471\East_471-v2\644013 Cumbernauld LP\FY-1\644013 - Cumbernauld - FY1.MDB,S:\TEST AREA\ac00418\ASP_models_out\644013 Cumbernauld LP_LRMM1415.MDB,TRUE,TRUE,TRUE,TRUE,21.035,64401300010011"
" ,644015 Hamilton - Uddingston LP,\\vpoct502\Syn471\Scotland Networks_471\East_471-v2\644015 Hamilton - Uddingston LP\FY1\644015_Hamilton_FY1.MDB,S:\TEST AREA\ac00418\ASP_models_out\644015 Hamilton - Uddingston LP_LRMM1415.MDB,TRUE,TRUE,TRUE,TRUE,14.9841,64401500047148"
" ,644016 Lanark LP,\\vpoct502\Syn471\Scotland Networks_471\East_471-v2\644016 Lanark LP\FY-1\644016_Lanark_FY1.MDB,S:\TEST AREA\ac00418\ASP_models_out\644016 Lanark LP_LRMM1415.MDB,TRUE,TRUE,TRUE,TRUE,21.2745,64401600000605"
" ,644017 Larkhall LP,\\vpoct502\Syn471\Scotland Networks_471\East_471-v2\644017 Larkhall LP\FY1\644017_Larkhall_FY1.MDB,S:\TEST AREA\ac00418\ASP_models_out\644017 Larkhall LP_LRMM1415.MDB,TRUE,TRUE,TRUE,TRUE,20.4158,64401700010039"
" ,644018 Tillicoultry LP,\\vpoct502\Syn471\Scotland Networks_471\East_471-v2\644018 Tillicoultry LP\FY-1\644018 Tillicoultry - FY1.MDB,S:\TEST AREA\ac00418\ASP_models_out\644018 Tillicoultry LP_LRMM1415.MDB,TRUE,TRUE,TRUE,TRUE,22.3294,64401800000069"
" ,644019 Carluke LP,\\vpoct502\Syn471\Scotland Networks_471\East_471-v2\644019 Carluke LP\FY1\644019 - Carluke - FY1.MDB,S:\TEST AREA\ac00418\ASP_models_out\644019 Carluke LP_LRMM1415.MDB,TRUE,TRUE,TRUE,TRUE,19.2861,64401900002120"
" ,644020 Clackmannan LP,\\vpoct502\Syn471\Scotland Networks_471\East_471-v2\644020 Clackmannan LP\FY-1\644020_Clackmannan_FY1.MDB,S:\TEST AREA\ac00418\ASP_models_out\644020 Clackmannan LP_LRMM1415.MDB,TRUE,TRUE,TRUE,TRUE,21.5021,64402000000168"
" ,644021 Shotts LP,\\vpoct502\Syn471\Scotland Networks_471\East_471-v2\644021 Shotts LP\FY-1\644021_SHOTTS_FY1.MDB,S:\TEST AREA\ac00418\ASP_models_out\644021 Shotts LP_LRMM1415.MDB,TRUE,TRUE,TRUE,TRUE,21.6513,64402100000132"
" ,644022 Strathaven LP,\\vpoct502\Syn471\Scotland Networks_471\East_471-v2\644022 Strathaven LP\FY-1\644022 - Strathaven - FY1.MDB,S:\TEST AREA\ac00418\ASP_models_out\644022 Strathaven LP_LRMM1415.MDB,TRUE,TRUE,TRUE,TRUE,21.5489,64402200000207"
" ,644023 Biggar LP,\\vpoct502\Syn471\Scotland Networks_471\East_471-v2\644023 Biggar LP\FY1\644023 - Biggar - FY1.MDB,S:\TEST AREA\ac00418\ASP_models_out\644023 Biggar LP_LRMM1415.MDB,TRUE,TRUE,TRUE,TRUE,23.696,64402300000272"
" ,644024 Menstrie LP,\\vpoct502\Syn471\Scotland Networks_471\East_471-v2\644024 Menstrie LP\FY1\644024 - Menstrie - FY1.MDB,S:\TEST AREA\ac00418\ASP_models_out\644024 Menstrie LP_LRMM1415.MDB,TRUE,TRUE,TRUE,TRUE,22.5157,64402400000194"
" ,644025 Stonehouse LP,\\vpoct502\Syn471\Scotland Networks_471\East_471-v2\644025 Stonehouse LP\FY-1\644025 - Stonehouse - FY1.MDB,S:\TEST AREA\ac00418\ASP_models_out\644025 Stonehouse LP_LRMM1415.MDB,TRUE,TRUE,TRUE,TRUE,21.9776,64402500000638"
" ,644026 Denny LP,\\vpoct502\Syn471\Scotland Networks_471\East_471-v2\644026 Denny LP\FY1\644026 - Denny - FY1.MDB,S:\TEST AREA\ac00418\ASP_models_out\644026 Denny LP_LRMM1415.MDB,TRUE,TRUE,TRUE,TRUE,20.9955,64402600001051"
" ,644028 Bonnybridge LP,\\vpoct502\Syn471\Scotland Networks_471\East_471-v2\644028 Bonnybridge LP\FY-1\644028 - Bonnybridge - FY1.MDB,S:\TEST AREA\ac00418\ASP_models_out\644028 Bonnybridge LP_LRMM1415.MDB,TRUE,TRUE,TRUE,TRUE,23.6638,64402800000198"
" ,644029 Banknock LP,\\vpoct502\Syn471\Scotland Networks_471\East_471-v2\644029 Banknock LP\FY-1\644029 - Banknock - FY1.MDB,S:\TEST AREA\ac00418\ASP_models_out\644029 Banknock LP_LRMM1415.MDB,TRUE,TRUE,TRUE,TRUE,21.2592,64402900000437"
" ,644030 Plains LP,\\vpoct502\Syn471\Scotland Networks_471\East_471-v2\644030 Plains LP\FY-1\644030 - Plains - FY1.MDB,S:\TEST AREA\ac00418\ASP_models_out\644030 Plains LP_LRMM1415.MDB,TRUE,TRUE,TRUE,TRUE,22.3367,64403000003060"
" ,644031 Lennoxtown LP,\\vpoct502\Syn471\Scotland Networks_471\East_471-v2\644031 Lennoxtown LP\FY1\644031 Lennoxtown - FY1.MDB,S:\TEST AREA\ac00418\ASP_models_out\644031 Lennoxtown LP_LRMM1415.MDB,TRUE,TRUE,TRUE,TRUE,20.9878,64403100000101"
" ,644032 Alva LP,\\vpoct502\Syn471\Scotland Networks_471\East_471-v2\644032 Alva LP\FY1\644032_ALVA_FY1.MDB,S:\TEST AREA\ac00418\ASP_models_out\644032 Alva LP_LRMM1415.MDB,TRUE,TRUE,TRUE,TRUE,21.2583,64403200000595"
" ,644033 Dollar LP,\\vpoct502\Syn471\Scotland Networks_471\East_471-v2\644033 Dollar LP\FY-1\644033 - Dollar - FY1.MDB,S:\TEST AREA\ac00418\ASP_models_out\644033 Dollar LP_LRMM1415.MDB,TRUE,TRUE,TRUE,TRUE,22.6548,64403300000345"
" ,644035 Cleland LP,\\vpoct502\Syn471\Scotland Networks_471\East_471-v2\644035 Cleland LP\FY1\644035_Cleland_FY1.MDB,S:\TEST AREA\ac00418\ASP_models_out\644035 Cleland LP_LRMM1415.MDB,TRUE,TRUE,TRUE,TRUE,25.3553,64403500009815"
" ,644036 Hallglen LP,\\vpoct502\Syn471\Scotland Networks_471\East_471-v2\644036 Hallglen LP\FY-1\644036_HALLGLEN_FY1.MDB,S:\TEST AREA\ac00418\ASP_models_out\644036 Hallglen LP_LRMM1415.MDB,TRUE,TRUE,TRUE,TRUE,26.4591,64403600000064"
" ,644037 BoNess LP,\\vpoct502\Syn471\Scotland Networks_471\East_471-v2\644037 BoNess LP\FY1\644037_Bo'ness_FY1.MDB,S:\TEST AREA\ac00418\ASP_models_out\644037 BoNess LP_LRMM1415.MDB,TRUE,TRUE,TRUE,TRUE,20.3573,64403700001001"
" ,644038 Doune LP,\\vpoct502\Syn471\Scotland Networks_471\East_471-v2\644038 Doune LP\FY1\644038_ DOUNE_FY1.MDB,S:\TEST AREA\ac00418\ASP_models_out\644038 Doune LP_LRMM1415.MDB,TRUE,TRUE,TRUE,TRUE,28.1905,64403800000026"
" ,644039 Callander LP,\\vpoct502\Syn471\Scotland Networks_471\East_471-v2\644039 Callander LP\FY1\644039_Callander_FY1.MDB,S:\TEST AREA\ac00418\ASP_models_out\644039 Callander LP_LRMM1415.MDB,TRUE,TRUE,TRUE,TRUE,21.2124,64403900012024"
" ,644040 Dunblane LP,\\vpoct502\Syn471\Scotland Networks_471\East_471-v2\644040 Dunblane LP\FY-1\644040 - Dunblane FY1.MDB,S:\TEST AREA\ac00418\ASP_models_out\644040 Dunblane LP_LRMM1415.MDB,TRUE,TRUE,TRUE,TRUE,19.6251,64404000000036"
" ,644041 Harthill LP,\\vpoct502\Syn471\Scotland Networks_471\East_471-v2\644041 Harthill LP\FY-1\644041_HARTHILL-FY1.MDB,S:\TEST AREA\ac00418\ASP_models_out\644041 Harthill LP_LRMM1415.MDB,TRUE,TRUE,TRUE,TRUE,24.3214,64404100000252"
" ,644042 Torrance LP,\\vpoct502\Syn471\Scotland Networks_471\East_471-v2\644042 Torrance LP\FY-1\644042TORRANCE-FY1.mdb,S:\TEST AREA\ac00418\ASP_models_out\644042 Torrance LP_LRMM1415.MDB,TRUE,TRUE,TRUE,TRUE,21.059,624042-550184"
" ,644043 Chapelton LP,\\vpoct502\Syn471\Scotland Networks_471\East_471-v2\644043 Chapelton LP\FY1\644043 - CHAPELTON - FY1.MDB,S:\TEST AREA\ac00418\ASP_models_out\644043 Chapelton LP_LRMM1415.MDB,TRUE,TRUE,TRUE,TRUE,20.9955,64404300000104"
" ,644044 Law LP,\\vpoct502\Syn471\Scotland Networks_471\East_471-v2\644044 Law LP\FY1\644044_LAW_FY1.MDB,S:\TEST AREA\ac00418\ASP_models_out\644044 Law LP_LRMM1415.MDB,TRUE,TRUE,TRUE,TRUE,21.3851,64404400000021"
" ,644045 Glenboig LP,\\vpoct502\Syn471\Scotland Networks_471\East_471-v2\644045 Glenboig LP\FY-1\644045_Glenboig_FY1.MDB,S:\TEST AREA\ac00418\ASP_models_out\644045 Glenboig LP_LRMM1415.MDB,TRUE,TRUE,TRUE,TRUE,17.615,64404500007424"
" ,644046 Calderbank LP,\\vpoct502\Syn471\Scotland Networks_471\East_471-v2\644046 Calderbank LP\FY-1\644046CALDERBANK-FY1.MDB,S:\TEST AREA\ac00418\ASP_models_out\644046 Calderbank LP_LRMM1415.MDB,TRUE,TRUE,TRUE,TRUE,25.0525,64404600000901"
" ,644049 Twechar LP,\\vpoct502\Syn471\Scotland Networks_471\East_471-v2\644049 Twechar LP\FY1\644049-Twechar-FY1.MDB,S:\TEST AREA\ac00418\ASP_models_out\644049 Twechar LP_LRMM1415.MDB,TRUE,TRUE,TRUE,TRUE,24.3744,64404900000023"
" ,644050 Glassford LP,\\vpoct502\Syn471\Scotland Networks_471\East_471-v2\644050 Glassford LP\FY-1\644050 - Glassford - FY1.MDB,S:\TEST AREA\ac00418\ASP_models_out\644050 Glassford LP_LRMM1415.MDB,TRUE,TRUE,TRUE,TRUE,23.8114,64405000000007"
" ,644051 Cowie LP,\\vpoct502\Syn471\Scotland Networks_471\East_471-v2\644051 Cowie LP\FY1\644051_Cowie_FY1.MDB,S:\TEST AREA\ac00418\ASP_models_out\644051 Cowie LP_LRMM1415.MDB,TRUE,TRUE,TRUE,TRUE,25.2745,64405100000078"
